filename;numVertices;numEdges;kWeight;maxIterations;removeVerticesPercentage;wheelIterations;insertionMethod;destructionMethod;reconstructionMethod;runtime(ms);size;solution
subset/MOD_w_rnd_graph_1000_40_1.txt;1000;200300;0.1;160;0.2;COMPLETE_BASED_INSERTION;RANDOM_BASED_DESTRUCTION;RANDOM_BASED_RECONSTRUCTION;1744;8;[642, 631, 551, 760, 90, 315, 987, 606]
subset/MOD_w_rnd_graph_1000_40_1.txt;1000;200300;0.1;160;0.2;COMPLETE_BASED_INSERTION;RANDOM_BASED_DESTRUCTION;EDGE_BASED_RECONSTRUCTION;1428;8;[642, 565, 677, 997, 631, 760, 315, 606]
subset/MOD_w_rnd_graph_1000_40_1.txt;1000;200300;0.1;160;0.2;COMPLETE_BASED_INSERTION;RANDOM_BASED_DESTRUCTION;CONTRIBUTION_BASED_RECONSTRUCTION;1418;8;[642, 995, 565, 677, 631, 760, 315, 606]
subset/MOD_w_rnd_graph_1000_40_1.txt;1000;200300;0.1;160;0.2;COMPLETE_BASED_INSERTION;RANDOM_BASED_DESTRUCTION;COMPLETE_BASED_RECONSTRUCTION;1381;8;[642, 565, 677, 997, 631, 760, 315, 606]
subset/MOD_w_rnd_graph_1000_40_1.txt;1000;200300;0.1;160;0.2;COMPLETE_BASED_INSERTION;EDGE_BASED_DESTRUCTION;RANDOM_BASED_RECONSTRUCTION;1175;8;[642, 565, 677, 997, 631, 760, 315, 606]
subset/MOD_w_rnd_graph_1000_40_1.txt;1000;200300;0.1;160;0.2;COMPLETE_BASED_INSERTION;EDGE_BASED_DESTRUCTION;EDGE_BASED_RECONSTRUCTION;1518;8;[642, 565, 677, 997, 631, 760, 315, 606]
subset/MOD_w_rnd_graph_1000_40_1.txt;1000;200300;0.1;160;0.2;COMPLETE_BASED_INSERTION;EDGE_BASED_DESTRUCTION;CONTRIBUTION_BASED_RECONSTRUCTION;1661;8;[642, 631, 551, 760, 315, 972, 606, 783]
subset/MOD_w_rnd_graph_1000_40_1.txt;1000;200300;0.1;160;0.2;COMPLETE_BASED_INSERTION;EDGE_BASED_DESTRUCTION;COMPLETE_BASED_RECONSTRUCTION;8169;8;[642, 565, 677, 997, 631, 760, 315, 606]
subset/MOD_w_rnd_graph_1000_40_1.txt;1000;200300;0.1;160;0.2;COMPLETE_BASED_INSERTION;CONTRIBUTION_BASED_DESTRUCTION;RANDOM_BASED_RECONSTRUCTION;1705;8;[642, 631, 760, 986, 315, 221, 606, 894]
subset/MOD_w_rnd_graph_1000_40_1.txt;1000;200300;0.1;160;0.2;COMPLETE_BASED_INSERTION;CONTRIBUTION_BASED_DESTRUCTION;EDGE_BASED_RECONSTRUCTION;1757;8;[642, 565, 677, 997, 631, 760, 315, 606]
subset/MOD_w_rnd_graph_1000_40_1.txt;1000;200300;0.1;160;0.2;COMPLETE_BASED_INSERTION;CONTRIBUTION_BASED_DESTRUCTION;CONTRIBUTION_BASED_RECONSTRUCTION;1757;8;[642, 565, 677, 997, 631, 760, 315, 606]
subset/MOD_w_rnd_graph_1000_40_1.txt;1000;200300;0.1;160;0.2;COMPLETE_BASED_INSERTION;CONTRIBUTION_BASED_DESTRUCTION;COMPLETE_BASED_RECONSTRUCTION;12346;8;[642, 631, 983, 760, 315, 221, 13, 606]
subset/MOD_w_rnd_graph_1000_40_1.txt;1000;200300;0.1;160;0.2;COMPLETE_BASED_INSERTION;COMPLETE_BASED_DESTRUCTION;RANDOM_BASED_RECONSTRUCTION;2490;8;[993, 642, 631, 760, 315, 221, 541, 606]
subset/MOD_w_rnd_graph_1000_40_1.txt;1000;200300;0.1;160;0.2;COMPLETE_BASED_INSERTION;COMPLETE_BASED_DESTRUCTION;EDGE_BASED_RECONSTRUCTION;1938;8;[642, 995, 565, 677, 631, 760, 315, 606]
subset/MOD_w_rnd_graph_1000_40_1.txt;1000;200300;0.1;160;0.2;COMPLETE_BASED_INSERTION;COMPLETE_BASED_DESTRUCTION;CONTRIBUTION_BASED_RECONSTRUCTION;1334;8;[642, 565, 677, 997, 631, 760, 315, 606]
subset/MOD_w_rnd_graph_1000_40_1.txt;1000;200300;0.1;160;0.2;COMPLETE_BASED_INSERTION;COMPLETE_BASED_DESTRUCTION;COMPLETE_BASED_RECONSTRUCTION;13282;8;[642, 965, 631, 760, 315, 221, 606, 894]
subset/MOD_w_rnd_graph_1000_40_1.txt;1000;200300;0.25;160;0.2;COMPLETE_BASED_INSERTION;RANDOM_BASED_DESTRUCTION;RANDOM_BASED_RECONSTRUCTION;1427;10;[801, 225, 210, 739, 996, 647, 344, 553, 794, 783]
subset/MOD_w_rnd_graph_1000_40_1.txt;1000;200300;0.25;160;0.2;COMPLETE_BASED_INSERTION;RANDOM_BASED_DESTRUCTION;EDGE_BASED_RECONSTRUCTION;1107;10;[801, 225, 210, 739, 644, 999, 344, 43, 524, 783]
subset/MOD_w_rnd_graph_1000_40_1.txt;1000;200300;0.25;160;0.2;COMPLETE_BASED_INSERTION;RANDOM_BASED_DESTRUCTION;CONTRIBUTION_BASED_RECONSTRUCTION;1116;10;[801, 225, 210, 994, 739, 647, 344, 553, 794, 783]
subset/MOD_w_rnd_graph_1000_40_1.txt;1000;200300;0.25;160;0.2;COMPLETE_BASED_INSERTION;RANDOM_BASED_DESTRUCTION;COMPLETE_BASED_RECONSTRUCTION;1155;10;[801, 225, 210, 739, 996, 647, 344, 553, 794, 783]
subset/MOD_w_rnd_graph_1000_40_1.txt;1000;200300;0.25;160;0.2;COMPLETE_BASED_INSERTION;EDGE_BASED_DESTRUCTION;RANDOM_BASED_RECONSTRUCTION;1567;10;[960, 784, 801, 225, 210, 994, 739, 344, 43, 783]
subset/MOD_w_rnd_graph_1000_40_1.txt;1000;200300;0.25;160;0.2;COMPLETE_BASED_INSERTION;EDGE_BASED_DESTRUCTION;EDGE_BASED_RECONSTRUCTION;2261;10;[801, 225, 210, 739, 644, 999, 344, 43, 524, 783]
subset/MOD_w_rnd_graph_1000_40_1.txt;1000;200300;0.25;160;0.2;COMPLETE_BASED_INSERTION;EDGE_BASED_DESTRUCTION;CONTRIBUTION_BASED_RECONSTRUCTION;2290;10;[960, 801, 225, 210, 739, 931, 344, 43, 940, 783]
subset/MOD_w_rnd_graph_1000_40_1.txt;1000;200300;0.25;160;0.2;COMPLETE_BASED_INSERTION;EDGE_BASED_DESTRUCTION;COMPLETE_BASED_RECONSTRUCTION;14592;10;[960, 801, 225, 993, 210, 739, 340, 344, 43, 783]
subset/MOD_w_rnd_graph_1000_40_1.txt;1000;200300;0.25;160;0.2;COMPLETE_BASED_INSERTION;CONTRIBUTION_BASED_DESTRUCTION;RANDOM_BASED_RECONSTRUCTION;1516;10;[801, 225, 210, 739, 995, 647, 344, 553, 794, 783]
subset/MOD_w_rnd_graph_1000_40_1.txt;1000;200300;0.25;160;0.2;COMPLETE_BASED_INSERTION;CONTRIBUTION_BASED_DESTRUCTION;EDGE_BASED_RECONSTRUCTION;1280;10;[801, 225, 210, 739, 995, 647, 344, 553, 794, 783]
subset/MOD_w_rnd_graph_1000_40_1.txt;1000;200300;0.25;160;0.2;COMPLETE_BASED_INSERTION;CONTRIBUTION_BASED_DESTRUCTION;CONTRIBUTION_BASED_RECONSTRUCTION;1198;10;[801, 225, 210, 739, 996, 647, 344, 553, 794, 783]
subset/MOD_w_rnd_graph_1000_40_1.txt;1000;200300;0.25;160;0.2;COMPLETE_BASED_INSERTION;CONTRIBUTION_BASED_DESTRUCTION;COMPLETE_BASED_RECONSTRUCTION;12996;10;[960, 784, 801, 225, 210, 994, 739, 344, 43, 783]
subset/MOD_w_rnd_graph_1000_40_1.txt;1000;200300;0.25;160;0.2;COMPLETE_BASED_INSERTION;COMPLETE_BASED_DESTRUCTION;RANDOM_BASED_RECONSTRUCTION;3018;10;[801, 225, 210, 739, 340, 997, 344, 43, 619, 783]
subset/MOD_w_rnd_graph_1000_40_1.txt;1000;200300;0.25;160;0.2;COMPLETE_BASED_INSERTION;COMPLETE_BASED_DESTRUCTION;EDGE_BASED_RECONSTRUCTION;2355;10;[801, 225, 210, 739, 996, 647, 344, 553, 794, 783]
subset/MOD_w_rnd_graph_1000_40_1.txt;1000;200300;0.25;160;0.2;COMPLETE_BASED_INSERTION;COMPLETE_BASED_DESTRUCTION;CONTRIBUTION_BASED_RECONSTRUCTION;2374;10;[960, 801, 225, 961, 210, 739, 340, 344, 43, 783]
subset/MOD_w_rnd_graph_1000_40_1.txt;1000;200300;0.25;160;0.2;COMPLETE_BASED_INSERTION;COMPLETE_BASED_DESTRUCTION;COMPLETE_BASED_RECONSTRUCTION;12387;10;[960, 801, 225, 993, 210, 739, 340, 344, 43, 783]
subset/MOD_w_rnd_graph_1000_40_1.txt;1000;200300;0.5;160;0.2;COMPLETE_BASED_INSERTION;RANDOM_BASED_DESTRUCTION;RANDOM_BASED_RECONSTRUCTION;2052;11;[210, 306, 979, 213, 374, 649, 683, 508, 605, 190, 367]
subset/MOD_w_rnd_graph_1000_40_1.txt;1000;200300;0.5;160;0.2;COMPLETE_BASED_INSERTION;RANDOM_BASED_DESTRUCTION;EDGE_BASED_RECONSTRUCTION;2425;11;[210, 306, 213, 374, 649, 683, 508, 988, 605, 190, 367]
subset/MOD_w_rnd_graph_1000_40_1.txt;1000;200300;0.5;160;0.2;COMPLETE_BASED_INSERTION;RANDOM_BASED_DESTRUCTION;CONTRIBUTION_BASED_RECONSTRUCTION;1693;11;[210, 306, 979, 213, 374, 649, 683, 508, 605, 190, 367]
subset/MOD_w_rnd_graph_1000_40_1.txt;1000;200300;0.5;160;0.2;COMPLETE_BASED_INSERTION;RANDOM_BASED_DESTRUCTION;COMPLETE_BASED_RECONSTRUCTION;2857;11;[210, 306, 213, 374, 649, 683, 508, 988, 605, 190, 367]
subset/MOD_w_rnd_graph_1000_40_1.txt;1000;200300;0.5;160;0.2;COMPLETE_BASED_INSERTION;EDGE_BASED_DESTRUCTION;RANDOM_BASED_RECONSTRUCTION;2910;11;[210, 306, 213, 374, 649, 683, 508, 988, 605, 190, 367]
subset/MOD_w_rnd_graph_1000_40_1.txt;1000;200300;0.5;160;0.2;COMPLETE_BASED_INSERTION;EDGE_BASED_DESTRUCTION;EDGE_BASED_RECONSTRUCTION;2877;11;[784, 721, 225, 210, 306, 918, 683, 811, 443, 508, 605]
subset/MOD_w_rnd_graph_1000_40_1.txt;1000;200300;0.5;160;0.2;COMPLETE_BASED_INSERTION;EDGE_BASED_DESTRUCTION;CONTRIBUTION_BASED_RECONSTRUCTION;2652;11;[210, 306, 213, 374, 649, 683, 508, 988, 605, 190, 367]
subset/MOD_w_rnd_graph_1000_40_1.txt;1000;200300;0.5;160;0.2;COMPLETE_BASED_INSERTION;EDGE_BASED_DESTRUCTION;COMPLETE_BASED_RECONSTRUCTION;15864;11;[210, 306, 213, 374, 649, 986, 683, 508, 605, 190, 367]
subset/MOD_w_rnd_graph_1000_40_1.txt;1000;200300;0.5;160;0.2;COMPLETE_BASED_INSERTION;CONTRIBUTION_BASED_DESTRUCTION;RANDOM_BASED_RECONSTRUCTION;3306;11;[784, 721, 225, 210, 306, 918, 683, 811, 443, 508, 605]
subset/MOD_w_rnd_graph_1000_40_1.txt;1000;200300;0.5;160;0.2;COMPLETE_BASED_INSERTION;CONTRIBUTION_BASED_DESTRUCTION;EDGE_BASED_RECONSTRUCTION;2270;11;[784, 721, 225, 210, 306, 918, 683, 811, 443, 508, 605]
subset/MOD_w_rnd_graph_1000_40_1.txt;1000;200300;0.5;160;0.2;COMPLETE_BASED_INSERTION;CONTRIBUTION_BASED_DESTRUCTION;CONTRIBUTION_BASED_RECONSTRUCTION;2580;11;[784, 721, 225, 210, 306, 424, 683, 811, 508, 605, 814]
subset/MOD_w_rnd_graph_1000_40_1.txt;1000;200300;0.5;160;0.2;COMPLETE_BASED_INSERTION;CONTRIBUTION_BASED_DESTRUCTION;COMPLETE_BASED_RECONSTRUCTION;19868;11;[210, 306, 964, 213, 374, 649, 683, 508, 605, 190, 367]
subset/MOD_w_rnd_graph_1000_40_1.txt;1000;200300;0.5;160;0.2;COMPLETE_BASED_INSERTION;COMPLETE_BASED_DESTRUCTION;RANDOM_BASED_RECONSTRUCTION;3839;12;[992, 225, 738, 970, 683, 811, 784, 721, 210, 306, 508, 605]
subset/MOD_w_rnd_graph_1000_40_1.txt;1000;200300;0.5;160;0.2;COMPLETE_BASED_INSERTION;COMPLETE_BASED_DESTRUCTION;EDGE_BASED_RECONSTRUCTION;3281;11;[784, 721, 225, 210, 306, 918, 683, 811, 443, 508, 605]
subset/MOD_w_rnd_graph_1000_40_1.txt;1000;200300;0.5;160;0.2;COMPLETE_BASED_INSERTION;COMPLETE_BASED_DESTRUCTION;CONTRIBUTION_BASED_RECONSTRUCTION;2785;12;[225, 738, 963, 999, 683, 811, 784, 721, 210, 306, 508, 605]
subset/MOD_w_rnd_graph_1000_40_1.txt;1000;200300;0.5;160;0.2;COMPLETE_BASED_INSERTION;COMPLETE_BASED_DESTRUCTION;COMPLETE_BASED_RECONSTRUCTION;7264;11;[210, 306, 213, 374, 649, 683, 508, 988, 605, 190, 367]
subset/MOD_w_rnd_graph_1000_40_1.txt;1000;200300;0.75;160;0.2;COMPLETE_BASED_INSERTION;RANDOM_BASED_DESTRUCTION;RANDOM_BASED_RECONSTRUCTION;1708;13;[40, 841, 683, 715, 43, 236, 238, 849, 340, 666, 603, 636, 605]
subset/MOD_w_rnd_graph_1000_40_1.txt;1000;200300;0.75;160;0.2;COMPLETE_BASED_INSERTION;RANDOM_BASED_DESTRUCTION;EDGE_BASED_RECONSTRUCTION;1632;13;[679, 683, 715, 555, 236, 144, 849, 658, 985, 218, 315, 636, 637]
subset/MOD_w_rnd_graph_1000_40_1.txt;1000;200300;0.75;160;0.2;COMPLETE_BASED_INSERTION;RANDOM_BASED_DESTRUCTION;CONTRIBUTION_BASED_RECONSTRUCTION;1764;13;[40, 841, 683, 715, 43, 236, 238, 849, 340, 630, 666, 603, 636]
subset/MOD_w_rnd_graph_1000_40_1.txt;1000;200300;0.75;160;0.2;COMPLETE_BASED_INSERTION;RANDOM_BASED_DESTRUCTION;COMPLETE_BASED_RECONSTRUCTION;2341;13;[386, 679, 231, 683, 715, 236, 144, 849, 658, 983, 315, 636, 637]
subset/MOD_w_rnd_graph_1000_40_1.txt;1000;200300;0.75;160;0.2;COMPLETE_BASED_INSERTION;EDGE_BASED_DESTRUCTION;RANDOM_BASED_RECONSTRUCTION;2338;13;[928, 708, 679, 808, 683, 715, 236, 849, 658, 979, 315, 636, 637]
subset/MOD_w_rnd_graph_1000_40_1.txt;1000;200300;0.75;160;0.2;COMPLETE_BASED_INSERTION;EDGE_BASED_DESTRUCTION;EDGE_BASED_RECONSTRUCTION;3314;13;[679, 683, 715, 555, 236, 144, 849, 658, 218, 315, 987, 636, 637]
subset/MOD_w_rnd_graph_1000_40_1.txt;1000;200300;0.75;160;0.2;COMPLETE_BASED_INSERTION;EDGE_BASED_DESTRUCTION;CONTRIBUTION_BASED_RECONSTRUCTION;3636;13;[928, 708, 679, 683, 715, 236, 849, 658, 979, 820, 315, 636, 637]
subset/MOD_w_rnd_graph_1000_40_1.txt;1000;200300;0.75;160;0.2;COMPLETE_BASED_INSERTION;EDGE_BASED_DESTRUCTION;COMPLETE_BASED_RECONSTRUCTION;22082;13;[40, 841, 683, 715, 43, 236, 238, 849, 340, 666, 603, 636, 959]
subset/MOD_w_rnd_graph_1000_40_1.txt;1000;200300;0.75;160;0.2;COMPLETE_BASED_INSERTION;CONTRIBUTION_BASED_DESTRUCTION;RANDOM_BASED_RECONSTRUCTION;3629;13;[928, 708, 679, 683, 715, 236, 849, 658, 979, 820, 315, 636, 637]
subset/MOD_w_rnd_graph_1000_40_1.txt;1000;200300;0.75;160;0.2;COMPLETE_BASED_INSERTION;CONTRIBUTION_BASED_DESTRUCTION;EDGE_BASED_RECONSTRUCTION;4137;13;[40, 683, 715, 43, 236, 849, 340, 660, 470, 666, 603, 827, 636]
subset/MOD_w_rnd_graph_1000_40_1.txt;1000;200300;0.75;160;0.2;COMPLETE_BASED_INSERTION;CONTRIBUTION_BASED_DESTRUCTION;CONTRIBUTION_BASED_RECONSTRUCTION;2273;13;[994, 679, 683, 715, 555, 236, 144, 849, 658, 218, 315, 636, 637]
subset/MOD_w_rnd_graph_1000_40_1.txt;1000;200300;0.75;160;0.2;COMPLETE_BASED_INSERTION;CONTRIBUTION_BASED_DESTRUCTION;COMPLETE_BASED_RECONSTRUCTION;19260;13;[928, 708, 679, 683, 715, 236, 849, 658, 979, 820, 315, 636, 637]
subset/MOD_w_rnd_graph_1000_40_1.txt;1000;200300;0.75;160;0.2;COMPLETE_BASED_INSERTION;COMPLETE_BASED_DESTRUCTION;RANDOM_BASED_RECONSTRUCTION;5461;13;[40, 649, 683, 715, 43, 236, 238, 849, 340, 948, 666, 603, 636]
subset/MOD_w_rnd_graph_1000_40_1.txt;1000;200300;0.75;160;0.2;COMPLETE_BASED_INSERTION;COMPLETE_BASED_DESTRUCTION;EDGE_BASED_RECONSTRUCTION;5421;13;[928, 708, 679, 683, 715, 236, 972, 849, 658, 921, 315, 636, 637]
subset/MOD_w_rnd_graph_1000_40_1.txt;1000;200300;0.75;160;0.2;COMPLETE_BASED_INSERTION;COMPLETE_BASED_DESTRUCTION;CONTRIBUTION_BASED_RECONSTRUCTION;4072;13;[928, 708, 679, 683, 715, 236, 849, 658, 979, 820, 315, 636, 637]
subset/MOD_w_rnd_graph_1000_40_1.txt;1000;200300;0.75;160;0.2;COMPLETE_BASED_INSERTION;COMPLETE_BASED_DESTRUCTION;COMPLETE_BASED_RECONSTRUCTION;22828;14;[999, 40, 683, 715, 43, 236, 876, 974, 849, 340, 660, 666, 603, 636]
subset/MOD_w_rnd_graph_1000_40_1.txt;1000;200300;1.0;160;0.2;COMPLETE_BASED_INSERTION;RANDOM_BASED_DESTRUCTION;RANDOM_BASED_RECONSTRUCTION;2645;15;[992, 385, 33, 194, 548, 774, 649, 683, 747, 783, 431, 723, 505, 538, 159]
subset/MOD_w_rnd_graph_1000_40_1.txt;1000;200300;1.0;160;0.2;COMPLETE_BASED_INSERTION;RANDOM_BASED_DESTRUCTION;EDGE_BASED_RECONSTRUCTION;2208;15;[385, 33, 194, 548, 774, 649, 683, 747, 812, 783, 723, 505, 538, 957, 159]
subset/MOD_w_rnd_graph_1000_40_1.txt;1000;200300;1.0;160;0.2;COMPLETE_BASED_INSERTION;RANDOM_BASED_DESTRUCTION;CONTRIBUTION_BASED_RECONSTRUCTION;2335;15;[385, 33, 961, 194, 548, 774, 649, 683, 747, 783, 431, 723, 505, 538, 159]
subset/MOD_w_rnd_graph_1000_40_1.txt;1000;200300;1.0;160;0.2;COMPLETE_BASED_INSERTION;RANDOM_BASED_DESTRUCTION;COMPLETE_BASED_RECONSTRUCTION;3636;15;[385, 33, 194, 548, 774, 649, 683, 747, 783, 431, 723, 505, 538, 986, 159]
subset/MOD_w_rnd_graph_1000_40_1.txt;1000;200300;1.0;160;0.2;COMPLETE_BASED_INSERTION;EDGE_BASED_DESTRUCTION;RANDOM_BASED_RECONSTRUCTION;2812;15;[992, 385, 33, 194, 548, 774, 649, 683, 747, 783, 431, 723, 505, 538, 159]
subset/MOD_w_rnd_graph_1000_40_1.txt;1000;200300;1.0;160;0.2;COMPLETE_BASED_INSERTION;EDGE_BASED_DESTRUCTION;EDGE_BASED_RECONSTRUCTION;2535;15;[385, 194, 963, 548, 774, 998, 649, 683, 747, 783, 694, 88, 505, 697, 159]
subset/MOD_w_rnd_graph_1000_40_1.txt;1000;200300;1.0;160;0.2;COMPLETE_BASED_INSERTION;EDGE_BASED_DESTRUCTION;CONTRIBUTION_BASED_RECONSTRUCTION;2692;15;[385, 33, 194, 548, 774, 649, 683, 747, 812, 783, 975, 723, 505, 538, 159]
subset/MOD_w_rnd_graph_1000_40_1.txt;1000;200300;1.0;160;0.2;COMPLETE_BASED_INSERTION;EDGE_BASED_DESTRUCTION;COMPLETE_BASED_RECONSTRUCTION;28384;15;[385, 993, 194, 963, 548, 774, 649, 683, 747, 783, 694, 88, 505, 697, 159]
subset/MOD_w_rnd_graph_1000_40_1.txt;1000;200300;1.0;160;0.2;COMPLETE_BASED_INSERTION;CONTRIBUTION_BASED_DESTRUCTION;RANDOM_BASED_RECONSTRUCTION;3754;15;[385, 194, 963, 548, 774, 998, 649, 683, 747, 783, 694, 88, 505, 697, 159]
subset/MOD_w_rnd_graph_1000_40_1.txt;1000;200300;1.0;160;0.2;COMPLETE_BASED_INSERTION;CONTRIBUTION_BASED_DESTRUCTION;EDGE_BASED_RECONSTRUCTION;5185;15;[992, 385, 33, 194, 548, 774, 649, 683, 747, 783, 431, 723, 505, 538, 159]
subset/MOD_w_rnd_graph_1000_40_1.txt;1000;200300;1.0;160;0.2;COMPLETE_BASED_INSERTION;CONTRIBUTION_BASED_DESTRUCTION;CONTRIBUTION_BASED_RECONSTRUCTION;3946;15;[385, 194, 963, 995, 548, 774, 649, 683, 747, 783, 694, 88, 505, 697, 159]
subset/MOD_w_rnd_graph_1000_40_1.txt;1000;200300;1.0;160;0.2;COMPLETE_BASED_INSERTION;CONTRIBUTION_BASED_DESTRUCTION;COMPLETE_BASED_RECONSTRUCTION;37002;15;[385, 194, 963, 548, 774, 998, 649, 683, 747, 783, 694, 88, 505, 697, 159]
subset/MOD_w_rnd_graph_1000_40_1.txt;1000;200300;1.0;160;0.2;COMPLETE_BASED_INSERTION;COMPLETE_BASED_DESTRUCTION;RANDOM_BASED_RECONSTRUCTION;5855;15;[160, 385, 33, 194, 548, 997, 774, 649, 683, 747, 783, 723, 505, 538, 159]
subset/MOD_w_rnd_graph_1000_40_1.txt;1000;200300;1.0;160;0.2;COMPLETE_BASED_INSERTION;COMPLETE_BASED_DESTRUCTION;EDGE_BASED_RECONSTRUCTION;3147;15;[385, 194, 963, 548, 774, 998, 649, 683, 747, 783, 694, 88, 505, 697, 159]
subset/MOD_w_rnd_graph_1000_40_1.txt;1000;200300;1.0;160;0.2;COMPLETE_BASED_INSERTION;COMPLETE_BASED_DESTRUCTION;CONTRIBUTION_BASED_RECONSTRUCTION;2847;15;[160, 385, 33, 194, 548, 774, 649, 683, 747, 783, 723, 980, 505, 538, 159]
subset/MOD_w_rnd_graph_1000_40_1.txt;1000;200300;1.0;160;0.2;COMPLETE_BASED_INSERTION;COMPLETE_BASED_DESTRUCTION;COMPLETE_BASED_RECONSTRUCTION;9091;15;[385, 194, 963, 548, 774, 998, 649, 683, 747, 783, 694, 88, 505, 697, 159]
subset/MOD_w_rnd_graph_1000_50_1.txt;1000;250250;0.1;160;0.2;COMPLETE_BASED_INSERTION;RANDOM_BASED_DESTRUCTION;RANDOM_BASED_RECONSTRUCTION;818;6;[209, 993, 85, 7, 314, 894]
subset/MOD_w_rnd_graph_1000_50_1.txt;1000;250250;0.1;160;0.2;COMPLETE_BASED_INSERTION;RANDOM_BASED_DESTRUCTION;EDGE_BASED_RECONSTRUCTION;629;6;[209, 993, 85, 7, 314, 894]
subset/MOD_w_rnd_graph_1000_50_1.txt;1000;250250;0.1;160;0.2;COMPLETE_BASED_INSERTION;RANDOM_BASED_DESTRUCTION;CONTRIBUTION_BASED_RECONSTRUCTION;562;6;[209, 978, 85, 7, 314, 894]
subset/MOD_w_rnd_graph_1000_50_1.txt;1000;250250;0.1;160;0.2;COMPLETE_BASED_INSERTION;RANDOM_BASED_DESTRUCTION;COMPLETE_BASED_RECONSTRUCTION;791;6;[209, 85, 7, 314, 988, 894]
subset/MOD_w_rnd_graph_1000_50_1.txt;1000;250250;0.1;160;0.2;COMPLETE_BASED_INSERTION;EDGE_BASED_DESTRUCTION;RANDOM_BASED_RECONSTRUCTION;780;6;[209, 993, 85, 7, 314, 894]
subset/MOD_w_rnd_graph_1000_50_1.txt;1000;250250;0.1;160;0.2;COMPLETE_BASED_INSERTION;EDGE_BASED_DESTRUCTION;EDGE_BASED_RECONSTRUCTION;651;6;[209, 993, 85, 7, 314, 894]
subset/MOD_w_rnd_graph_1000_50_1.txt;1000;250250;0.1;160;0.2;COMPLETE_BASED_INSERTION;EDGE_BASED_DESTRUCTION;CONTRIBUTION_BASED_RECONSTRUCTION;740;6;[209, 85, 7, 314, 988, 894]
subset/MOD_w_rnd_graph_1000_50_1.txt;1000;250250;0.1;160;0.2;COMPLETE_BASED_INSERTION;EDGE_BASED_DESTRUCTION;COMPLETE_BASED_RECONSTRUCTION;5129;6;[209, 993, 85, 7, 314, 894]
subset/MOD_w_rnd_graph_1000_50_1.txt;1000;250250;0.1;160;0.2;COMPLETE_BASED_INSERTION;CONTRIBUTION_BASED_DESTRUCTION;RANDOM_BASED_RECONSTRUCTION;751;6;[209, 993, 85, 7, 314, 894]
subset/MOD_w_rnd_graph_1000_50_1.txt;1000;250250;0.1;160;0.2;COMPLETE_BASED_INSERTION;CONTRIBUTION_BASED_DESTRUCTION;EDGE_BASED_RECONSTRUCTION;725;6;[209, 85, 7, 314, 970, 894]
subset/MOD_w_rnd_graph_1000_50_1.txt;1000;250250;0.1;160;0.2;COMPLETE_BASED_INSERTION;CONTRIBUTION_BASED_DESTRUCTION;CONTRIBUTION_BASED_RECONSTRUCTION;739;6;[209, 85, 7, 314, 988, 894]
subset/MOD_w_rnd_graph_1000_50_1.txt;1000;250250;0.1;160;0.2;COMPLETE_BASED_INSERTION;CONTRIBUTION_BASED_DESTRUCTION;COMPLETE_BASED_RECONSTRUCTION;5572;6;[209, 85, 7, 314, 970, 894]
subset/MOD_w_rnd_graph_1000_50_1.txt;1000;250250;0.1;160;0.2;COMPLETE_BASED_INSERTION;COMPLETE_BASED_DESTRUCTION;RANDOM_BASED_RECONSTRUCTION;848;6;[209, 993, 85, 7, 314, 894]
subset/MOD_w_rnd_graph_1000_50_1.txt;1000;250250;0.1;160;0.2;COMPLETE_BASED_INSERTION;COMPLETE_BASED_DESTRUCTION;EDGE_BASED_RECONSTRUCTION;776;6;[976, 209, 85, 7, 314, 894]
subset/MOD_w_rnd_graph_1000_50_1.txt;1000;250250;0.1;160;0.2;COMPLETE_BASED_INSERTION;COMPLETE_BASED_DESTRUCTION;CONTRIBUTION_BASED_RECONSTRUCTION;835;6;[976, 209, 85, 7, 314, 894]
subset/MOD_w_rnd_graph_1000_50_1.txt;1000;250250;0.1;160;0.2;COMPLETE_BASED_INSERTION;COMPLETE_BASED_DESTRUCTION;COMPLETE_BASED_RECONSTRUCTION;5806;6;[209, 978, 85, 7, 314, 894]
subset/MOD_w_rnd_graph_1000_50_1.txt;1000;250250;0.25;160;0.2;COMPLETE_BASED_INSERTION;RANDOM_BASED_DESTRUCTION;RANDOM_BASED_RECONSTRUCTION;761;8;[976, 417, 563, 550, 248, 121, 124, 332]
subset/MOD_w_rnd_graph_1000_50_1.txt;1000;250250;0.25;160;0.2;COMPLETE_BASED_INSERTION;RANDOM_BASED_DESTRUCTION;EDGE_BASED_RECONSTRUCTION;850;8;[417, 563, 195, 550, 855, 951, 124, 332]
subset/MOD_w_rnd_graph_1000_50_1.txt;1000;250250;0.25;160;0.2;COMPLETE_BASED_INSERTION;RANDOM_BASED_DESTRUCTION;CONTRIBUTION_BASED_RECONSTRUCTION;775;8;[563, 995, 260, 148, 196, 884, 550, 72]
subset/MOD_w_rnd_graph_1000_50_1.txt;1000;250250;0.25;160;0.2;COMPLETE_BASED_INSERTION;RANDOM_BASED_DESTRUCTION;COMPLETE_BASED_RECONSTRUCTION;1167;8;[417, 563, 195, 550, 855, 999, 124, 332]
subset/MOD_w_rnd_graph_1000_50_1.txt;1000;250250;0.25;160;0.2;COMPLETE_BASED_INSERTION;EDGE_BASED_DESTRUCTION;RANDOM_BASED_RECONSTRUCTION;879;8;[417, 563, 980, 550, 248, 121, 124, 332]
subset/MOD_w_rnd_graph_1000_50_1.txt;1000;250250;0.25;160;0.2;COMPLETE_BASED_INSERTION;EDGE_BASED_DESTRUCTION;EDGE_BASED_RECONSTRUCTION;921;8;[563, 979, 260, 181, 550, 918, 184, 120]
subset/MOD_w_rnd_graph_1000_50_1.txt;1000;250250;0.25;160;0.2;COMPLETE_BASED_INSERTION;EDGE_BASED_DESTRUCTION;CONTRIBUTION_BASED_RECONSTRUCTION;898;8;[417, 563, 195, 947, 550, 124, 332, 701]
subset/MOD_w_rnd_graph_1000_50_1.txt;1000;250250;0.25;160;0.2;COMPLETE_BASED_INSERTION;EDGE_BASED_DESTRUCTION;COMPLETE_BASED_RECONSTRUCTION;6175;8;[563, 260, 148, 196, 550, 758, 72, 936]
subset/MOD_w_rnd_graph_1000_50_1.txt;1000;250250;0.25;160;0.2;COMPLETE_BASED_INSERTION;CONTRIBUTION_BASED_DESTRUCTION;RANDOM_BASED_RECONSTRUCTION;2050;8;[417, 563, 195, 550, 966, 121, 124, 332]
subset/MOD_w_rnd_graph_1000_50_1.txt;1000;250250;0.25;160;0.2;COMPLETE_BASED_INSERTION;CONTRIBUTION_BASED_DESTRUCTION;EDGE_BASED_RECONSTRUCTION;1580;8;[416, 993, 563, 260, 148, 550, 999, 202]
subset/MOD_w_rnd_graph_1000_50_1.txt;1000;250250;0.25;160;0.2;COMPLETE_BASED_INSERTION;CONTRIBUTION_BASED_DESTRUCTION;CONTRIBUTION_BASED_RECONSTRUCTION;1325;8;[417, 563, 980, 550, 248, 121, 124, 332]
subset/MOD_w_rnd_graph_1000_50_1.txt;1000;250250;0.25;160;0.2;COMPLETE_BASED_INSERTION;CONTRIBUTION_BASED_DESTRUCTION;COMPLETE_BASED_RECONSTRUCTION;10860;8;[417, 563, 195, 852, 550, 584, 124, 332]
subset/MOD_w_rnd_graph_1000_50_1.txt;1000;250250;0.25;160;0.2;COMPLETE_BASED_INSERTION;COMPLETE_BASED_DESTRUCTION;RANDOM_BASED_RECONSTRUCTION;2552;8;[417, 563, 996, 550, 248, 121, 124, 332]
subset/MOD_w_rnd_graph_1000_50_1.txt;1000;250250;0.25;160;0.2;COMPLETE_BASED_INSERTION;COMPLETE_BASED_DESTRUCTION;EDGE_BASED_RECONSTRUCTION;2179;8;[417, 563, 195, 550, 936, 124, 332, 701]
subset/MOD_w_rnd_graph_1000_50_1.txt;1000;250250;0.25;160;0.2;COMPLETE_BASED_INSERTION;COMPLETE_BASED_DESTRUCTION;CONTRIBUTION_BASED_RECONSTRUCTION;1838;8;[608, 417, 563, 997, 550, 121, 124, 332]
subset/MOD_w_rnd_graph_1000_50_1.txt;1000;250250;0.25;160;0.2;COMPLETE_BASED_INSERTION;COMPLETE_BASED_DESTRUCTION;COMPLETE_BASED_RECONSTRUCTION;5903;8;[563, 260, 181, 550, 918, 998, 184, 120]
subset/MOD_w_rnd_graph_1000_50_1.txt;1000;250250;0.5;160;0.2;COMPLETE_BASED_INSERTION;RANDOM_BASED_DESTRUCTION;RANDOM_BASED_RECONSTRUCTION;1074;9;[833, 66, 662, 72, 985, 761, 378, 11, 444]
subset/MOD_w_rnd_graph_1000_50_1.txt;1000;250250;0.5;160;0.2;COMPLETE_BASED_INSERTION;RANDOM_BASED_DESTRUCTION;EDGE_BASED_RECONSTRUCTION;2601;9;[563, 595, 550, 7, 504, 108, 76, 717, 639]
subset/MOD_w_rnd_graph_1000_50_1.txt;1000;250250;0.5;160;0.2;COMPLETE_BASED_INSERTION;RANDOM_BASED_DESTRUCTION;CONTRIBUTION_BASED_RECONSTRUCTION;2303;9;[833, 579, 853, 72, 985, 378, 11, 651, 511]
subset/MOD_w_rnd_graph_1000_50_1.txt;1000;250250;0.5;160;0.2;COMPLETE_BASED_INSERTION;RANDOM_BASED_DESTRUCTION;COMPLETE_BASED_RECONSTRUCTION;2579;9;[563, 595, 550, 7, 504, 108, 76, 717, 639]
subset/MOD_w_rnd_graph_1000_50_1.txt;1000;250250;0.5;160;0.2;COMPLETE_BASED_INSERTION;EDGE_BASED_DESTRUCTION;RANDOM_BASED_RECONSTRUCTION;1800;9;[833, 66, 662, 72, 985, 761, 378, 11, 444]
subset/MOD_w_rnd_graph_1000_50_1.txt;1000;250250;0.5;160;0.2;COMPLETE_BASED_INSERTION;EDGE_BASED_DESTRUCTION;EDGE_BASED_RECONSTRUCTION;1486;9;[833, 579, 853, 72, 985, 378, 11, 651, 511]
subset/MOD_w_rnd_graph_1000_50_1.txt;1000;250250;0.5;160;0.2;COMPLETE_BASED_INSERTION;EDGE_BASED_DESTRUCTION;CONTRIBUTION_BASED_RECONSTRUCTION;1514;10;[563, 931, 550, 361, 314, 108, 717, 766, 990, 639]
subset/MOD_w_rnd_graph_1000_50_1.txt;1000;250250;0.5;160;0.2;COMPLETE_BASED_INSERTION;EDGE_BASED_DESTRUCTION;COMPLETE_BASED_RECONSTRUCTION;13551;10;[945, 563, 550, 314, 715, 108, 716, 717, 766, 639]
subset/MOD_w_rnd_graph_1000_50_1.txt;1000;250250;0.5;160;0.2;COMPLETE_BASED_INSERTION;CONTRIBUTION_BASED_DESTRUCTION;RANDOM_BASED_RECONSTRUCTION;2271;10;[563, 931, 550, 999, 361, 314, 108, 717, 766, 639]
subset/MOD_w_rnd_graph_1000_50_1.txt;1000;250250;0.5;160;0.2;COMPLETE_BASED_INSERTION;CONTRIBUTION_BASED_DESTRUCTION;EDGE_BASED_RECONSTRUCTION;1658;9;[833, 66, 662, 72, 985, 761, 378, 11, 444]
subset/MOD_w_rnd_graph_1000_50_1.txt;1000;250250;0.5;160;0.2;COMPLETE_BASED_INSERTION;CONTRIBUTION_BASED_DESTRUCTION;CONTRIBUTION_BASED_RECONSTRUCTION;1156;9;[833, 853, 230, 72, 985, 378, 11, 558, 511]
subset/MOD_w_rnd_graph_1000_50_1.txt;1000;250250;0.5;160;0.2;COMPLETE_BASED_INSERTION;CONTRIBUTION_BASED_DESTRUCTION;COMPLETE_BASED_RECONSTRUCTION;9480;10;[563, 550, 935, 216, 314, 715, 108, 717, 766, 639]
subset/MOD_w_rnd_graph_1000_50_1.txt;1000;250250;0.5;160;0.2;COMPLETE_BASED_INSERTION;COMPLETE_BASED_DESTRUCTION;RANDOM_BASED_RECONSTRUCTION;2595;9;[833, 866, 195, 72, 985, 761, 378, 11, 267]
subset/MOD_w_rnd_graph_1000_50_1.txt;1000;250250;0.5;160;0.2;COMPLETE_BASED_INSERTION;COMPLETE_BASED_DESTRUCTION;EDGE_BASED_RECONSTRUCTION;2511;9;[833, 579, 853, 72, 985, 378, 11, 651, 511]
subset/MOD_w_rnd_graph_1000_50_1.txt;1000;250250;0.5;160;0.2;COMPLETE_BASED_INSERTION;COMPLETE_BASED_DESTRUCTION;CONTRIBUTION_BASED_RECONSTRUCTION;2162;10;[563, 595, 550, 7, 327, 983, 872, 108, 717, 639]
subset/MOD_w_rnd_graph_1000_50_1.txt;1000;250250;0.5;160;0.2;COMPLETE_BASED_INSERTION;COMPLETE_BASED_DESTRUCTION;COMPLETE_BASED_RECONSTRUCTION;10498;10;[563, 931, 550, 999, 361, 314, 108, 717, 766, 639]
subset/MOD_w_rnd_graph_1000_50_1.txt;1000;250250;0.75;160;0.2;COMPLETE_BASED_INSERTION;RANDOM_BASED_DESTRUCTION;RANDOM_BASED_RECONSTRUCTION;2572;11;[272, 960, 833, 882, 820, 85, 823, 72, 985, 698, 730]
subset/MOD_w_rnd_graph_1000_50_1.txt;1000;250250;0.75;160;0.2;COMPLETE_BASED_INSERTION;RANDOM_BASED_DESTRUCTION;EDGE_BASED_RECONSTRUCTION;1704;10;[752, 563, 659, 660, 550, 838, 935, 27, 44, 543]
subset/MOD_w_rnd_graph_1000_50_1.txt;1000;250250;0.75;160;0.2;COMPLETE_BASED_INSERTION;RANDOM_BASED_DESTRUCTION;CONTRIBUTION_BASED_RECONSTRUCTION;1664;11;[272, 833, 882, 820, 85, 823, 999, 72, 985, 698, 444]
subset/MOD_w_rnd_graph_1000_50_1.txt;1000;250250;0.75;160;0.2;COMPLETE_BASED_INSERTION;RANDOM_BASED_DESTRUCTION;COMPLETE_BASED_RECONSTRUCTION;1806;10;[563, 915, 709, 550, 504, 602, 795, 267, 236, 543]
subset/MOD_w_rnd_graph_1000_50_1.txt;1000;250250;0.75;160;0.2;COMPLETE_BASED_INSERTION;EDGE_BASED_DESTRUCTION;RANDOM_BASED_RECONSTRUCTION;1652;11;[563, 772, 996, 181, 550, 998, 536, 985, 27, 363, 543]
subset/MOD_w_rnd_graph_1000_50_1.txt;1000;250250;0.75;160;0.2;COMPLETE_BASED_INSERTION;EDGE_BASED_DESTRUCTION;EDGE_BASED_RECONSTRUCTION;1259;10;[563, 723, 550, 935, 823, 215, 27, 876, 543, 863]
subset/MOD_w_rnd_graph_1000_50_1.txt;1000;250250;0.75;160;0.2;COMPLETE_BASED_INSERTION;EDGE_BASED_DESTRUCTION;CONTRIBUTION_BASED_RECONSTRUCTION;1471;11;[961, 563, 772, 550, 985, 346, 27, 363, 155, 971, 543]
subset/MOD_w_rnd_graph_1000_50_1.txt;1000;250250;0.75;160;0.2;COMPLETE_BASED_INSERTION;EDGE_BASED_DESTRUCTION;COMPLETE_BASED_RECONSTRUCTION;20659;11;[992, 563, 260, 550, 118, 935, 826, 27, 300, 877, 543]
subset/MOD_w_rnd_graph_1000_50_1.txt;1000;250250;0.75;160;0.2;COMPLETE_BASED_INSERTION;CONTRIBUTION_BASED_DESTRUCTION;RANDOM_BASED_RECONSTRUCTION;2687;11;[272, 833, 882, 963, 85, 823, 807, 72, 985, 698, 444]
subset/MOD_w_rnd_graph_1000_50_1.txt;1000;250250;0.75;160;0.2;COMPLETE_BASED_INSERTION;CONTRIBUTION_BASED_DESTRUCTION;EDGE_BASED_RECONSTRUCTION;1891;11;[833, 145, 993, 706, 919, 72, 985, 619, 716, 957, 383]
subset/MOD_w_rnd_graph_1000_50_1.txt;1000;250250;0.75;160;0.2;COMPLETE_BASED_INSERTION;CONTRIBUTION_BASED_DESTRUCTION;CONTRIBUTION_BASED_RECONSTRUCTION;2305;11;[272, 833, 882, 996, 85, 823, 72, 248, 985, 698, 444]
subset/MOD_w_rnd_graph_1000_50_1.txt;1000;250250;0.75;160;0.2;COMPLETE_BASED_INSERTION;CONTRIBUTION_BASED_DESTRUCTION;COMPLETE_BASED_RECONSTRUCTION;15350;10;[563, 915, 709, 550, 504, 602, 795, 267, 236, 543]
subset/MOD_w_rnd_graph_1000_50_1.txt;1000;250250;0.75;160;0.2;COMPLETE_BASED_INSERTION;COMPLETE_BASED_DESTRUCTION;RANDOM_BASED_RECONSTRUCTION;3411;11;[960, 833, 145, 72, 985, 137, 394, 619, 971, 716, 383]
subset/MOD_w_rnd_graph_1000_50_1.txt;1000;250250;0.75;160;0.2;COMPLETE_BASED_INSERTION;COMPLETE_BASED_DESTRUCTION;EDGE_BASED_RECONSTRUCTION;2320;11;[833, 145, 369, 964, 919, 471, 72, 985, 619, 716, 383]
subset/MOD_w_rnd_graph_1000_50_1.txt;1000;250250;0.75;160;0.2;COMPLETE_BASED_INSERTION;COMPLETE_BASED_DESTRUCTION;CONTRIBUTION_BASED_RECONSTRUCTION;3765;11;[961, 563, 772, 550, 985, 346, 27, 363, 155, 971, 543]
subset/MOD_w_rnd_graph_1000_50_1.txt;1000;250250;0.75;160;0.2;COMPLETE_BASED_INSERTION;COMPLETE_BASED_DESTRUCTION;COMPLETE_BASED_RECONSTRUCTION;15287;11;[563, 867, 550, 374, 935, 823, 650, 986, 27, 543, 863]
subset/MOD_w_rnd_graph_1000_50_1.txt;1000;250250;1.0;160;0.2;COMPLETE_BASED_INSERTION;RANDOM_BASED_DESTRUCTION;RANDOM_BASED_RECONSTRUCTION;2807;12;[256, 833, 72, 203, 367, 979, 214, 118, 567, 698, 383, 287]
subset/MOD_w_rnd_graph_1000_50_1.txt;1000;250250;1.0;160;0.2;COMPLETE_BASED_INSERTION;RANDOM_BASED_DESTRUCTION;EDGE_BASED_RECONSTRUCTION;2013;12;[833, 961, 225, 996, 776, 622, 593, 563, 214, 118, 567, 698]
subset/MOD_w_rnd_graph_1000_50_1.txt;1000;250250;1.0;160;0.2;COMPLETE_BASED_INSERTION;RANDOM_BASED_DESTRUCTION;CONTRIBUTION_BASED_RECONSTRUCTION;1915;12;[256, 833, 996, 72, 203, 367, 214, 118, 567, 698, 383, 287]
subset/MOD_w_rnd_graph_1000_50_1.txt;1000;250250;1.0;160;0.2;COMPLETE_BASED_INSERTION;RANDOM_BASED_DESTRUCTION;COMPLETE_BASED_RECONSTRUCTION;4092;12;[833, 997, 776, 972, 622, 593, 754, 563, 214, 118, 567, 698]
subset/MOD_w_rnd_graph_1000_50_1.txt;1000;250250;1.0;160;0.2;COMPLETE_BASED_INSERTION;EDGE_BASED_DESTRUCTION;RANDOM_BASED_RECONSTRUCTION;2593;12;[256, 833, 993, 72, 203, 367, 214, 118, 567, 698, 383, 287]
subset/MOD_w_rnd_graph_1000_50_1.txt;1000;250250;1.0;160;0.2;COMPLETE_BASED_INSERTION;EDGE_BASED_DESTRUCTION;EDGE_BASED_RECONSTRUCTION;2514;12;[833, 961, 225, 996, 776, 622, 593, 563, 214, 118, 567, 698]
subset/MOD_w_rnd_graph_1000_50_1.txt;1000;250250;1.0;160;0.2;COMPLETE_BASED_INSERTION;EDGE_BASED_DESTRUCTION;CONTRIBUTION_BASED_RECONSTRUCTION;2036;12;[256, 833, 72, 203, 367, 214, 118, 567, 983, 698, 383, 287]
subset/MOD_w_rnd_graph_1000_50_1.txt;1000;250250;1.0;160;0.2;COMPLETE_BASED_INSERTION;EDGE_BASED_DESTRUCTION;COMPLETE_BASED_RECONSTRUCTION;18493;12;[256, 833, 996, 72, 203, 367, 214, 118, 567, 698, 383, 287]
subset/MOD_w_rnd_graph_1000_50_1.txt;1000;250250;1.0;160;0.2;COMPLETE_BASED_INSERTION;CONTRIBUTION_BASED_DESTRUCTION;RANDOM_BASED_RECONSTRUCTION;2745;11;[833, 593, 306, 563, 214, 118, 598, 567, 776, 698, 622]
subset/MOD_w_rnd_graph_1000_50_1.txt;1000;250250;1.0;160;0.2;COMPLETE_BASED_INSERTION;CONTRIBUTION_BASED_DESTRUCTION;EDGE_BASED_RECONSTRUCTION;3345;12;[256, 833, 996, 72, 203, 367, 214, 118, 567, 698, 383, 287]
subset/MOD_w_rnd_graph_1000_50_1.txt;1000;250250;1.0;160;0.2;COMPLETE_BASED_INSERTION;CONTRIBUTION_BASED_DESTRUCTION;CONTRIBUTION_BASED_RECONSTRUCTION;1933;12;[833, 225, 998, 776, 972, 593, 563, 214, 118, 567, 698, 826]
subset/MOD_w_rnd_graph_1000_50_1.txt;1000;250250;1.0;160;0.2;COMPLETE_BASED_INSERTION;CONTRIBUTION_BASED_DESTRUCTION;COMPLETE_BASED_RECONSTRUCTION;9687;12;[833, 579, 776, 969, 138, 593, 214, 118, 567, 343, 698, 891]
subset/MOD_w_rnd_graph_1000_50_1.txt;1000;250250;1.0;160;0.2;COMPLETE_BASED_INSERTION;COMPLETE_BASED_DESTRUCTION;RANDOM_BASED_RECONSTRUCTION;2433;12;[833, 776, 266, 622, 974, 593, 754, 563, 214, 118, 567, 698]
subset/MOD_w_rnd_graph_1000_50_1.txt;1000;250250;1.0;160;0.2;COMPLETE_BASED_INSERTION;COMPLETE_BASED_DESTRUCTION;EDGE_BASED_RECONSTRUCTION;1927;12;[256, 833, 993, 72, 203, 367, 214, 118, 567, 698, 383, 287]
subset/MOD_w_rnd_graph_1000_50_1.txt;1000;250250;1.0;160;0.2;COMPLETE_BASED_INSERTION;COMPLETE_BASED_DESTRUCTION;CONTRIBUTION_BASED_RECONSTRUCTION;1998;12;[833, 579, 997, 776, 138, 593, 214, 118, 567, 343, 698, 891]
subset/MOD_w_rnd_graph_1000_50_1.txt;1000;250250;1.0;160;0.2;COMPLETE_BASED_INSERTION;COMPLETE_BASED_DESTRUCTION;COMPLETE_BASED_RECONSTRUCTION;10503;12;[833, 225, 998, 776, 593, 563, 214, 118, 567, 698, 826, 634]
subset/MOD_w_rnd_graph_3000_40_1.txt;3000;1800900;0.1;160;0.2;COMPLETE_BASED_INSERTION;RANDOM_BASED_DESTRUCTION;RANDOM_BASED_RECONSTRUCTION;15443;9;[96, 2913, 1667, 1526, 1062, 250, 1723, 2411, 747]
subset/MOD_w_rnd_graph_3000_40_1.txt;3000;1800900;0.1;160;0.2;COMPLETE_BASED_INSERTION;RANDOM_BASED_DESTRUCTION;EDGE_BASED_RECONSTRUCTION;9921;9;[96, 2736, 1234, 1667, 2805, 1526, 2326, 536, 1723]
subset/MOD_w_rnd_graph_3000_40_1.txt;3000;1800900;0.1;160;0.2;COMPLETE_BASED_INSERTION;RANDOM_BASED_DESTRUCTION;CONTRIBUTION_BASED_RECONSTRUCTION;15269;9;[96, 1520, 1667, 1526, 1062, 2998, 1723, 2828, 2111]
subset/MOD_w_rnd_graph_3000_40_1.txt;3000;1800900;0.1;160;0.2;COMPLETE_BASED_INSERTION;RANDOM_BASED_DESTRUCTION;COMPLETE_BASED_RECONSTRUCTION;9453;9;[96, 1520, 2688, 1667, 1526, 1062, 10, 1723, 2828]
subset/MOD_w_rnd_graph_3000_40_1.txt;3000;1800900;0.1;160;0.2;COMPLETE_BASED_INSERTION;EDGE_BASED_DESTRUCTION;RANDOM_BASED_RECONSTRUCTION;10633;9;[96, 1520, 1667, 2916, 1526, 1062, 1723, 2828, 2111]
subset/MOD_w_rnd_graph_3000_40_1.txt;3000;1800900;0.1;160;0.2;COMPLETE_BASED_INSERTION;EDGE_BASED_DESTRUCTION;EDGE_BASED_RECONSTRUCTION;15123;9;[96, 1520, 1667, 2916, 1526, 1062, 1723, 2828, 2111]
subset/MOD_w_rnd_graph_3000_40_1.txt;3000;1800900;0.1;160;0.2;COMPLETE_BASED_INSERTION;EDGE_BASED_DESTRUCTION;CONTRIBUTION_BASED_RECONSTRUCTION;14617;9;[96, 1667, 2755, 1526, 250, 1723, 2411, 747, 413]
subset/MOD_w_rnd_graph_3000_40_1.txt;3000;1800900;0.1;160;0.2;COMPLETE_BASED_INSERTION;EDGE_BASED_DESTRUCTION;COMPLETE_BASED_RECONSTRUCTION;63005;9;[96, 592, 2754, 1667, 2949, 1526, 2326, 1723, 29]
subset/MOD_w_rnd_graph_3000_40_1.txt;3000;1800900;0.1;160;0.2;COMPLETE_BASED_INSERTION;CONTRIBUTION_BASED_DESTRUCTION;RANDOM_BASED_RECONSTRUCTION;18513;9;[96, 2736, 2898, 1667, 2805, 1526, 2326, 536, 1723]
subset/MOD_w_rnd_graph_3000_40_1.txt;3000;1800900;0.1;160;0.2;COMPLETE_BASED_INSERTION;CONTRIBUTION_BASED_DESTRUCTION;EDGE_BASED_RECONSTRUCTION;11986;9;[96, 1667, 2805, 1526, 2326, 2982, 536, 1723, 2316]
subset/MOD_w_rnd_graph_3000_40_1.txt;3000;1800900;0.1;160;0.2;COMPLETE_BASED_INSERTION;CONTRIBUTION_BASED_DESTRUCTION;CONTRIBUTION_BASED_RECONSTRUCTION;10538;9;[96, 1520, 2960, 1667, 1526, 1062, 10, 1723, 2828]
subset/MOD_w_rnd_graph_3000_40_1.txt;3000;1800900;0.1;160;0.2;COMPLETE_BASED_INSERTION;CONTRIBUTION_BASED_DESTRUCTION;COMPLETE_BASED_RECONSTRUCTION;68873;9;[96, 2736, 1667, 2805, 1526, 2326, 536, 2922, 1723]
subset/MOD_w_rnd_graph_3000_40_1.txt;3000;1800900;0.1;160;0.2;COMPLETE_BASED_INSERTION;COMPLETE_BASED_DESTRUCTION;RANDOM_BASED_RECONSTRUCTION;23866;9;[96, 592, 2754, 1667, 2980, 1526, 2326, 1723, 29]
subset/MOD_w_rnd_graph_3000_40_1.txt;3000;1800900;0.1;160;0.2;COMPLETE_BASED_INSERTION;COMPLETE_BASED_DESTRUCTION;EDGE_BASED_RECONSTRUCTION;18531;9;[96, 1667, 2805, 2901, 1526, 2326, 1831, 536, 1723]
subset/MOD_w_rnd_graph_3000_40_1.txt;3000;1800900;0.1;160;0.2;COMPLETE_BASED_INSERTION;COMPLETE_BASED_DESTRUCTION;CONTRIBUTION_BASED_RECONSTRUCTION;21488;9;[96, 592, 2754, 1667, 2980, 1526, 2326, 1723, 29]
subset/MOD_w_rnd_graph_3000_40_1.txt;3000;1800900;0.1;160;0.2;COMPLETE_BASED_INSERTION;COMPLETE_BASED_DESTRUCTION;COMPLETE_BASED_RECONSTRUCTION;89997;9;[96, 2736, 1667, 2805, 1526, 2326, 536, 2922, 1723]
subset/MOD_w_rnd_graph_3000_40_1.txt;3000;1800900;0.25;160;0.2;COMPLETE_BASED_INSERTION;RANDOM_BASED_DESTRUCTION;RANDOM_BASED_RECONSTRUCTION;19588;12;[2657, 35, 771, 1032, 1803, 2288, 531, 24, 2265, 1945, 188, 2940]
subset/MOD_w_rnd_graph_3000_40_1.txt;3000;1800900;0.25;160;0.2;COMPLETE_BASED_INSERTION;RANDOM_BASED_DESTRUCTION;EDGE_BASED_RECONSTRUCTION;15480;12;[35, 771, 2851, 1032, 1803, 2989, 2288, 531, 24, 2265, 1945, 188]
subset/MOD_w_rnd_graph_3000_40_1.txt;3000;1800900;0.25;160;0.2;COMPLETE_BASED_INSERTION;RANDOM_BASED_DESTRUCTION;CONTRIBUTION_BASED_RECONSTRUCTION;23642;12;[35, 771, 1032, 1870, 2990, 2288, 531, 1651, 24, 2265, 1754, 188]
subset/MOD_w_rnd_graph_3000_40_1.txt;3000;1800900;0.25;160;0.2;COMPLETE_BASED_INSERTION;RANDOM_BASED_DESTRUCTION;COMPLETE_BASED_RECONSTRUCTION;25102;12;[35, 771, 1032, 1870, 2991, 2288, 531, 1651, 24, 2265, 1754, 188]
subset/MOD_w_rnd_graph_3000_40_1.txt;3000;1800900;0.25;160;0.2;COMPLETE_BASED_INSERTION;EDGE_BASED_DESTRUCTION;RANDOM_BASED_RECONSTRUCTION;23719;12;[35, 771, 2851, 2980, 1032, 1803, 2288, 531, 24, 2265, 1945, 188]
subset/MOD_w_rnd_graph_3000_40_1.txt;3000;1800900;0.25;160;0.2;COMPLETE_BASED_INSERTION;EDGE_BASED_DESTRUCTION;EDGE_BASED_RECONSTRUCTION;15788;12;[35, 771, 1032, 1870, 2990, 2288, 531, 1651, 24, 2265, 1754, 188]
subset/MOD_w_rnd_graph_3000_40_1.txt;3000;1800900;0.25;160;0.2;COMPLETE_BASED_INSERTION;EDGE_BASED_DESTRUCTION;CONTRIBUTION_BASED_RECONSTRUCTION;24055;12;[35, 771, 2851, 1032, 1803, 2989, 2288, 531, 24, 2265, 1945, 188]
subset/MOD_w_rnd_graph_3000_40_1.txt;3000;1800900;0.25;160;0.2;COMPLETE_BASED_INSERTION;EDGE_BASED_DESTRUCTION;COMPLETE_BASED_RECONSTRUCTION;139385;12;[35, 771, 2851, 1032, 1803, 2989, 2288, 531, 24, 2265, 1945, 188]
subset/MOD_w_rnd_graph_3000_40_1.txt;3000;1800900;0.25;160;0.2;COMPLETE_BASED_INSERTION;CONTRIBUTION_BASED_DESTRUCTION;RANDOM_BASED_RECONSTRUCTION;26914;12;[35, 771, 2851, 1032, 1803, 2989, 2288, 531, 24, 2265, 1945, 188]
subset/MOD_w_rnd_graph_3000_40_1.txt;3000;1800900;0.25;160;0.2;COMPLETE_BASED_INSERTION;CONTRIBUTION_BASED_DESTRUCTION;EDGE_BASED_RECONSTRUCTION;20881;12;[35, 771, 1032, 1870, 2991, 2288, 531, 1651, 24, 2265, 1754, 188]
subset/MOD_w_rnd_graph_3000_40_1.txt;3000;1800900;0.25;160;0.2;COMPLETE_BASED_INSERTION;CONTRIBUTION_BASED_DESTRUCTION;CONTRIBUTION_BASED_RECONSTRUCTION;15775;12;[35, 771, 1032, 2989, 1870, 2288, 531, 1651, 24, 2265, 1754, 188]
subset/MOD_w_rnd_graph_3000_40_1.txt;3000;1800900;0.25;160;0.2;COMPLETE_BASED_INSERTION;CONTRIBUTION_BASED_DESTRUCTION;COMPLETE_BASED_RECONSTRUCTION;76563;12;[35, 771, 1032, 1870, 2991, 2288, 531, 1651, 24, 2265, 1754, 188]
subset/MOD_w_rnd_graph_3000_40_1.txt;3000;1800900;0.25;160;0.2;COMPLETE_BASED_INSERTION;COMPLETE_BASED_DESTRUCTION;RANDOM_BASED_RECONSTRUCTION;19542;12;[2944, 2657, 35, 771, 1032, 1803, 2288, 531, 24, 2265, 1945, 188]
subset/MOD_w_rnd_graph_3000_40_1.txt;3000;1800900;0.25;160;0.2;COMPLETE_BASED_INSERTION;COMPLETE_BASED_DESTRUCTION;EDGE_BASED_RECONSTRUCTION;17917;12;[35, 771, 2851, 1032, 1803, 2989, 2288, 531, 24, 2265, 1945, 188]
subset/MOD_w_rnd_graph_3000_40_1.txt;3000;1800900;0.25;160;0.2;COMPLETE_BASED_INSERTION;COMPLETE_BASED_DESTRUCTION;CONTRIBUTION_BASED_RECONSTRUCTION;19297;12;[35, 771, 1032, 1870, 2990, 2288, 531, 1651, 24, 2265, 1754, 188]
subset/MOD_w_rnd_graph_3000_40_1.txt;3000;1800900;0.25;160;0.2;COMPLETE_BASED_INSERTION;COMPLETE_BASED_DESTRUCTION;COMPLETE_BASED_RECONSTRUCTION;57637;12;[35, 771, 1032, 1870, 2990, 2288, 531, 1651, 24, 2265, 1754, 188]
subset/MOD_w_rnd_graph_3000_40_1.txt;3000;1800900;0.5;160;0.2;COMPLETE_BASED_INSERTION;RANDOM_BASED_DESTRUCTION;RANDOM_BASED_RECONSTRUCTION;20119;14;[779, 1900, 972, 1453, 685, 2574, 2288, 2994, 1462, 1559, 569, 2138, 956, 350]
subset/MOD_w_rnd_graph_3000_40_1.txt;3000;1800900;0.5;160;0.2;COMPLETE_BASED_INSERTION;RANDOM_BASED_DESTRUCTION;EDGE_BASED_RECONSTRUCTION;20997;14;[96, 898, 1699, 2153, 2603, 2382, 1998, 2992, 1970, 1110, 2807, 1018, 1181, 2398]
subset/MOD_w_rnd_graph_3000_40_1.txt;3000;1800900;0.5;160;0.2;COMPLETE_BASED_INSERTION;RANDOM_BASED_DESTRUCTION;CONTRIBUTION_BASED_RECONSTRUCTION;21820;14;[779, 1900, 972, 1453, 685, 2574, 2288, 2994, 1462, 1559, 569, 2138, 956, 350]
subset/MOD_w_rnd_graph_3000_40_1.txt;3000;1800900;0.5;160;0.2;COMPLETE_BASED_INSERTION;RANDOM_BASED_DESTRUCTION;COMPLETE_BASED_RECONSTRUCTION;23456;14;[779, 1900, 972, 1453, 685, 2574, 2288, 2994, 1462, 1559, 569, 2138, 956, 350]
subset/MOD_w_rnd_graph_3000_40_1.txt;3000;1800900;0.5;160;0.2;COMPLETE_BASED_INSERTION;EDGE_BASED_DESTRUCTION;RANDOM_BASED_RECONSTRUCTION;20645;14;[96, 898, 1699, 2153, 2382, 1998, 1970, 2965, 1110, 2807, 1018, 1692, 1181, 2398]
subset/MOD_w_rnd_graph_3000_40_1.txt;3000;1800900;0.5;160;0.2;COMPLETE_BASED_INSERTION;EDGE_BASED_DESTRUCTION;EDGE_BASED_RECONSTRUCTION;19746;14;[779, 1900, 972, 1453, 685, 2574, 2288, 2994, 1462, 1559, 569, 2138, 956, 350]
subset/MOD_w_rnd_graph_3000_40_1.txt;3000;1800900;0.5;160;0.2;COMPLETE_BASED_INSERTION;EDGE_BASED_DESTRUCTION;CONTRIBUTION_BASED_RECONSTRUCTION;20593;14;[96, 898, 1699, 2382, 1998, 2292, 1110, 2807, 2999, 1018, 122, 1181, 2398, 2206]
subset/MOD_w_rnd_graph_3000_40_1.txt;3000;1800900;0.5;160;0.2;COMPLETE_BASED_INSERTION;EDGE_BASED_DESTRUCTION;COMPLETE_BASED_RECONSTRUCTION;86532;14;[96, 833, 898, 1699, 2692, 1165, 2382, 1998, 1110, 2807, 1911, 1018, 1181, 2398]
subset/MOD_w_rnd_graph_3000_40_1.txt;3000;1800900;0.5;160;0.2;COMPLETE_BASED_INSERTION;CONTRIBUTION_BASED_DESTRUCTION;RANDOM_BASED_RECONSTRUCTION;32276;14;[2944, 483, 779, 2603, 1900, 972, 1453, 2574, 78, 2288, 1462, 1559, 569, 2138]
subset/MOD_w_rnd_graph_3000_40_1.txt;3000;1800900;0.5;160;0.2;COMPLETE_BASED_INSERTION;CONTRIBUTION_BASED_DESTRUCTION;EDGE_BASED_RECONSTRUCTION;25294;14;[779, 1900, 972, 1453, 685, 2989, 2574, 2288, 1462, 1559, 569, 2138, 956, 350]
subset/MOD_w_rnd_graph_3000_40_1.txt;3000;1800900;0.5;160;0.2;COMPLETE_BASED_INSERTION;CONTRIBUTION_BASED_DESTRUCTION;CONTRIBUTION_BASED_RECONSTRUCTION;19979;14;[96, 898, 1699, 2153, 2859, 2382, 1998, 2993, 1110, 2454, 2807, 1018, 1181, 2398]
subset/MOD_w_rnd_graph_3000_40_1.txt;3000;1800900;0.5;160;0.2;COMPLETE_BASED_INSERTION;CONTRIBUTION_BASED_DESTRUCTION;COMPLETE_BASED_RECONSTRUCTION;180903;14;[96, 1985, 898, 1699, 2153, 2382, 1998, 528, 2997, 1110, 2807, 1018, 1181, 2398]
subset/MOD_w_rnd_graph_3000_40_1.txt;3000;1800900;0.5;160;0.2;COMPLETE_BASED_INSERTION;COMPLETE_BASED_DESTRUCTION;RANDOM_BASED_RECONSTRUCTION;52400;14;[779, 1900, 972, 1453, 685, 2989, 2574, 2288, 1462, 1559, 569, 2138, 956, 350]
subset/MOD_w_rnd_graph_3000_40_1.txt;3000;1800900;0.5;160;0.2;COMPLETE_BASED_INSERTION;COMPLETE_BASED_DESTRUCTION;EDGE_BASED_RECONSTRUCTION;35758;14;[779, 1900, 972, 1453, 685, 2574, 2288, 2994, 1462, 1559, 569, 2138, 956, 350]
subset/MOD_w_rnd_graph_3000_40_1.txt;3000;1800900;0.5;160;0.2;COMPLETE_BASED_INSERTION;COMPLETE_BASED_DESTRUCTION;CONTRIBUTION_BASED_RECONSTRUCTION;27180;14;[96, 898, 1699, 139, 2382, 1998, 2832, 1110, 2807, 1018, 122, 2971, 1181, 2398]
subset/MOD_w_rnd_graph_3000_40_1.txt;3000;1800900;0.5;160;0.2;COMPLETE_BASED_INSERTION;COMPLETE_BASED_DESTRUCTION;COMPLETE_BASED_RECONSTRUCTION;70368;14;[96, 898, 1699, 1763, 2921, 2382, 1998, 2832, 1110, 2807, 1018, 122, 1181, 2398]
subset/MOD_w_rnd_graph_3000_40_1.txt;3000;1800900;0.75;160;0.2;COMPLETE_BASED_INSERTION;RANDOM_BASED_DESTRUCTION;RANDOM_BASED_RECONSTRUCTION;23620;15;[448, 1984, 1288, 2697, 1484, 1869, 1391, 2288, 2192, 1233, 2168, 537, 475, 606, 1759]
subset/MOD_w_rnd_graph_3000_40_1.txt;3000;1800900;0.75;160;0.2;COMPLETE_BASED_INSERTION;RANDOM_BASED_DESTRUCTION;EDGE_BASED_RECONSTRUCTION;29447;16;[514, 898, 2947, 1156, 45, 109, 2382, 1457, 2577, 1300, 2453, 473, 475, 1083, 2331, 126]
subset/MOD_w_rnd_graph_3000_40_1.txt;3000;1800900;0.75;160;0.2;COMPLETE_BASED_INSERTION;RANDOM_BASED_DESTRUCTION;CONTRIBUTION_BASED_RECONSTRUCTION;30547;16;[448, 1288, 265, 1391, 2288, 2192, 1233, 2962, 2994, 2038, 2391, 2168, 2840, 537, 475, 606]
subset/MOD_w_rnd_graph_3000_40_1.txt;3000;1800900;0.75;160;0.2;COMPLETE_BASED_INSERTION;RANDOM_BASED_DESTRUCTION;COMPLETE_BASED_RECONSTRUCTION;28695;15;[448, 1984, 1288, 2697, 1484, 1391, 2288, 2192, 2992, 1233, 2168, 537, 475, 606, 1759]
subset/MOD_w_rnd_graph_3000_40_1.txt;3000;1800900;0.75;160;0.2;COMPLETE_BASED_INSERTION;EDGE_BASED_DESTRUCTION;RANDOM_BASED_RECONSTRUCTION;34643;16;[448, 1288, 1484, 1391, 2288, 2192, 2128, 1233, 2674, 2994, 2168, 537, 475, 2043, 2236, 606]
subset/MOD_w_rnd_graph_3000_40_1.txt;3000;1800900;0.75;160;0.2;COMPLETE_BASED_INSERTION;EDGE_BASED_DESTRUCTION;EDGE_BASED_RECONSTRUCTION;30475;16;[641, 514, 1858, 1930, 1738, 2954, 2443, 2765, 1421, 2382, 1014, 215, 2520, 473, 475, 1083]
subset/MOD_w_rnd_graph_3000_40_1.txt;3000;1800900;0.75;160;0.2;COMPLETE_BASED_INSERTION;EDGE_BASED_DESTRUCTION;CONTRIBUTION_BASED_RECONSTRUCTION;34139;16;[641, 514, 1930, 1738, 2443, 2571, 2765, 1421, 2382, 341, 215, 2520, 2904, 473, 475, 1083]
subset/MOD_w_rnd_graph_3000_40_1.txt;3000;1800900;0.75;160;0.2;COMPLETE_BASED_INSERTION;EDGE_BASED_DESTRUCTION;COMPLETE_BASED_RECONSTRUCTION;173843;15;[448, 1288, 2793, 1391, 2288, 2192, 1233, 2168, 2840, 537, 473, 475, 2653, 1245, 606]
subset/MOD_w_rnd_graph_3000_40_1.txt;3000;1800900;0.75;160;0.2;COMPLETE_BASED_INSERTION;CONTRIBUTION_BASED_DESTRUCTION;RANDOM_BASED_RECONSTRUCTION;35902;16;[96, 1665, 99, 1635, 1799, 2382, 788, 2709, 1494, 2998, 791, 475, 1083, 1723, 831, 447]
subset/MOD_w_rnd_graph_3000_40_1.txt;3000;1800900;0.75;160;0.2;COMPLETE_BASED_INSERTION;CONTRIBUTION_BASED_DESTRUCTION;EDGE_BASED_RECONSTRUCTION;24679;16;[2533, 138, 2123, 715, 1421, 2382, 2799, 2355, 2452, 948, 2071, 473, 475, 1083, 1243, 543]
subset/MOD_w_rnd_graph_3000_40_1.txt;3000;1800900;0.75;160;0.2;COMPLETE_BASED_INSERTION;CONTRIBUTION_BASED_DESTRUCTION;CONTRIBUTION_BASED_RECONSTRUCTION;33443;16;[448, 1989, 1288, 939, 1391, 2288, 2192, 1233, 2995, 2038, 2168, 2840, 537, 475, 955, 606]
subset/MOD_w_rnd_graph_3000_40_1.txt;3000;1800900;0.75;160;0.2;COMPLETE_BASED_INSERTION;CONTRIBUTION_BASED_DESTRUCTION;COMPLETE_BASED_RECONSTRUCTION;180084;16;[514, 898, 45, 2382, 2030, 2799, 1300, 2420, 1588, 406, 473, 475, 1083, 2331, 2971, 1404]
subset/MOD_w_rnd_graph_3000_40_1.txt;3000;1800900;0.75;160;0.2;COMPLETE_BASED_INSERTION;COMPLETE_BASED_DESTRUCTION;RANDOM_BASED_RECONSTRUCTION;41395;16;[514, 898, 1156, 2981, 45, 13, 2382, 1457, 1300, 2453, 1237, 473, 475, 1083, 2331, 1276]
subset/MOD_w_rnd_graph_3000_40_1.txt;3000;1800900;0.75;160;0.2;COMPLETE_BASED_INSERTION;COMPLETE_BASED_DESTRUCTION;EDGE_BASED_RECONSTRUCTION;39837;16;[448, 2915, 1288, 1484, 1391, 2288, 2192, 2992, 1233, 2168, 2840, 537, 1945, 475, 1852, 606]
subset/MOD_w_rnd_graph_3000_40_1.txt;3000;1800900;0.75;160;0.2;COMPLETE_BASED_INSERTION;COMPLETE_BASED_DESTRUCTION;CONTRIBUTION_BASED_RECONSTRUCTION;28156;16;[448, 2276, 1288, 1484, 1391, 2288, 2192, 1233, 2995, 2996, 2168, 2840, 537, 1945, 475, 606]
subset/MOD_w_rnd_graph_3000_40_1.txt;3000;1800900;0.75;160;0.2;COMPLETE_BASED_INSERTION;COMPLETE_BASED_DESTRUCTION;COMPLETE_BASED_RECONSTRUCTION;113604;16;[641, 2625, 514, 1930, 1738, 2443, 2765, 1421, 2382, 341, 215, 2520, 473, 475, 1083, 2813]
subset/MOD_w_rnd_graph_3000_40_1.txt;3000;1800900;1.0;160;0.2;COMPLETE_BASED_INSERTION;RANDOM_BASED_DESTRUCTION;RANDOM_BASED_RECONSTRUCTION;28441;18;[2788, 2564, 2470, 294, 2919, 2474, 1259, 1772, 1775, 2416, 405, 1112, 2936, 2905, 2937, 1723, 475, 1855]
subset/MOD_w_rnd_graph_3000_40_1.txt;3000;1800900;1.0;160;0.2;COMPLETE_BASED_INSERTION;RANDOM_BASED_DESTRUCTION;EDGE_BASED_RECONSTRUCTION;29188;18;[2788, 2564, 2470, 294, 2919, 2474, 1259, 1772, 1775, 2416, 2996, 405, 1112, 2936, 2905, 2937, 1723, 475]
subset/MOD_w_rnd_graph_3000_40_1.txt;3000;1800900;1.0;160;0.2;COMPLETE_BASED_INSERTION;RANDOM_BASED_DESTRUCTION;CONTRIBUTION_BASED_RECONSTRUCTION;28286;18;[2788, 2564, 2470, 294, 2919, 2474, 1259, 1772, 1775, 2416, 405, 1112, 2936, 2905, 2937, 1723, 475, 2975]
subset/MOD_w_rnd_graph_3000_40_1.txt;3000;1800900;1.0;160;0.2;COMPLETE_BASED_INSERTION;RANDOM_BASED_DESTRUCTION;COMPLETE_BASED_RECONSTRUCTION;32745;18;[2788, 2564, 2470, 294, 2919, 2474, 1259, 1772, 1775, 2416, 405, 1112, 2936, 2905, 2937, 1723, 475, 2972]
subset/MOD_w_rnd_graph_3000_40_1.txt;3000;1800900;1.0;160;0.2;COMPLETE_BASED_INSERTION;EDGE_BASED_DESTRUCTION;RANDOM_BASED_RECONSTRUCTION;25592;17;[2788, 2470, 294, 2919, 2921, 2474, 2954, 1259, 1772, 1775, 2767, 2290, 405, 2231, 1723, 475, 2431]
subset/MOD_w_rnd_graph_3000_40_1.txt;3000;1800900;1.0;160;0.2;COMPLETE_BASED_INSERTION;EDGE_BASED_DESTRUCTION;EDGE_BASED_RECONSTRUCTION;28678;18;[2788, 1124, 2470, 294, 2919, 2184, 2474, 1259, 1772, 1775, 49, 405, 2998, 1017, 537, 1723, 475, 60]
subset/MOD_w_rnd_graph_3000_40_1.txt;3000;1800900;1.0;160;0.2;COMPLETE_BASED_INSERTION;EDGE_BASED_DESTRUCTION;CONTRIBUTION_BASED_RECONSTRUCTION;29407;18;[2788, 1124, 2470, 294, 2919, 1032, 2474, 1259, 1772, 1484, 1775, 2767, 49, 2996, 405, 1723, 475, 254]
subset/MOD_w_rnd_graph_3000_40_1.txt;3000;1800900;1.0;160;0.2;COMPLETE_BASED_INSERTION;EDGE_BASED_DESTRUCTION;COMPLETE_BASED_RECONSTRUCTION;115487;17;[2178, 2819, 2788, 2470, 294, 2919, 1607, 2474, 1259, 1772, 1038, 1775, 2767, 405, 1749, 1723, 475]
subset/MOD_w_rnd_graph_3000_40_1.txt;3000;1800900;1.0;160;0.2;COMPLETE_BASED_INSERTION;CONTRIBUTION_BASED_DESTRUCTION;RANDOM_BASED_RECONSTRUCTION;30116;18;[2788, 2470, 294, 2919, 1737, 2474, 1259, 1772, 1775, 2416, 2448, 405, 2231, 2554, 1723, 475, 124, 252]
subset/MOD_w_rnd_graph_3000_40_1.txt;3000;1800900;1.0;160;0.2;COMPLETE_BASED_INSERTION;CONTRIBUTION_BASED_DESTRUCTION;EDGE_BASED_RECONSTRUCTION;28867;18;[2788, 2564, 2470, 294, 2919, 2474, 1259, 1772, 1775, 2416, 2804, 405, 1112, 2905, 2937, 2425, 1723, 475]
subset/MOD_w_rnd_graph_3000_40_1.txt;3000;1800900;1.0;160;0.2;COMPLETE_BASED_INSERTION;CONTRIBUTION_BASED_DESTRUCTION;CONTRIBUTION_BASED_RECONSTRUCTION;26226;18;[2788, 2564, 2470, 294, 2919, 2474, 1259, 1772, 2990, 1775, 2416, 405, 1112, 2936, 2905, 2937, 1723, 475]
subset/MOD_w_rnd_graph_3000_40_1.txt;3000;1800900;1.0;160;0.2;COMPLETE_BASED_INSERTION;CONTRIBUTION_BASED_DESTRUCTION;COMPLETE_BASED_RECONSTRUCTION;119456;18;[2788, 2564, 2470, 294, 2919, 2474, 1259, 1772, 1775, 2416, 2194, 405, 1112, 2905, 2937, 2425, 1723, 475]
subset/MOD_w_rnd_graph_3000_40_1.txt;3000;1800900;1.0;160;0.2;COMPLETE_BASED_INSERTION;COMPLETE_BASED_DESTRUCTION;RANDOM_BASED_RECONSTRUCTION;38550;18;[2788, 2564, 2470, 294, 2919, 2474, 1259, 1772, 2990, 1775, 2416, 405, 1112, 2936, 2905, 2937, 1723, 475]
subset/MOD_w_rnd_graph_3000_40_1.txt;3000;1800900;1.0;160;0.2;COMPLETE_BASED_INSERTION;COMPLETE_BASED_DESTRUCTION;EDGE_BASED_RECONSTRUCTION;35922;18;[2788, 2564, 2470, 294, 2919, 2474, 1259, 1772, 1775, 2416, 405, 1112, 2936, 2905, 2937, 1723, 475, 2972]
subset/MOD_w_rnd_graph_3000_40_1.txt;3000;1800900;1.0;160;0.2;COMPLETE_BASED_INSERTION;COMPLETE_BASED_DESTRUCTION;CONTRIBUTION_BASED_RECONSTRUCTION;36879;18;[2946, 2788, 2564, 2470, 294, 2919, 2474, 1259, 1772, 1775, 2416, 1074, 405, 1112, 2905, 2937, 1723, 475]
subset/MOD_w_rnd_graph_3000_40_1.txt;3000;1800900;1.0;160;0.2;COMPLETE_BASED_INSERTION;COMPLETE_BASED_DESTRUCTION;COMPLETE_BASED_RECONSTRUCTION;76530;17;[2178, 2819, 2788, 2470, 294, 2919, 1607, 2474, 1259, 1772, 1038, 1775, 2767, 405, 1749, 1723, 475]
